Request_ID,Origin,Destination,Load,Earliest_Departure,Latest_Departure,Service_Time_Origin,Earliest_Arrival,Latest_Arrival,Service_Time_Destination
0,6,3,1,6:00,7:00,0:01,6:00,8:00,0:01
1,7,3,1,6:00,7:00,0:01,6:00,8:00,0:01
2,8,3,1,6:00,7:00,0:01,6:00,8:00,0:01
3,9,3,1,6:00,7:00,0:01,6:00,8:00,0:01
4,10,3,1,6:00,7:00,0:01,6:00,8:00,0:01
5,11,3,1,6:00,7:00,0:01,6:00,8:00,0:01
6,12,4,1,6:00,7:00,0:01,6:00,8:00,0:01
7,13,4,1,6:00,7:00,0:01,6:00,8:00,0:01
8,14,4,1,6:00,7:00,0:01,6:00,8:00,0:01
9,15,4,1,6:00,7:00,0:01,6:00,8:00,0:01
10,16,4,1,6:00,7:00,0:01,6:00,8:00,0:01
11,17,4,1,6:00,7:00,0:01,6:00,8:00,0:01
12,18,5,1,7:00,8:00,0:01,7:00,9:00,0:01
13,19,5,1,7:00,8:00,0:01,7:00,9:00,0:01
14,20,5,1,7:00,8:00,0:01,7:00,9:00,0:01
15,21,5,1,7:00,8:00,0:01,7:00,9:00,0:01
16,22,5,1,7:00,8:00,0:01,7:00,9:00,0:01
17,23,5,1,7:00,8:00,0:01,7:00,9:00,0:01